#### Non active members list:

Adding the list of all people who were a part of the Grab Data team previously. 

| Goh Ruhui                              | SG | GrabSG_RuHui    | No |
|----------------------------------------|----|-----------------|----|
|                                        |    |                 |    |
| Tirso Martin                           | PH | GrabPHTirso     | No |
| Prince Centeno                         | PH | GrabPHPrince    | No |
|                                        |    |                 |    |
| ardi.pratomo                           | ID | ardi pratomo    | No |
|                                        |    |                 |    |
|                                        |    |                 |    |
| Mourya Kompelly                        | IN | kompelly        | No |
| Joseph Nikhilesh                       | IN | bee_reddy       | No |
| S.V.N.Praveen Reddy                    | IN | win_03          | No |
| Valavoju Vishnu Vardhan                | IN | vv_96           | No |
| Penta Vinay Kumar                      | IN | Vin_59          | No |
| Pottepogu Victor Babu                  | IN | vic_tor         | No |
| Parupalli Vani                         | IN | vani_paru       | No |
| Shankar Vagginati                      | IN | vagginati       | No |
| Upperpalli Teja                        | IN | upper_palli     | No |
| Ujjagiri Mahendra Venkatesh            | IN | ujja_giri       | No |
| Adavally Reddy                         | IN | udaykiran3      | No |
| Swetha Sri Bijjala                     | IN | swet123         | No |
| Devi Stella                            | IN | stella9         | No |
| Pati Srikar Reddy                      | IN | sri_pati        | No |
| Sravan Vishwanath                      | IN | sravan7         | No |
| Sai Sri Sravya Bhupathiraju            | IN | sra_vya         | No |
| Snigdha Pendhota                       | IN | snigdhap        | No |
| Santosh kumar singh                    | IN | sk_09           | No |
| Shalini Reddy                          | IN | sha_lini        | No |
| Aditya Naga Sai Raghuram               | IN | sans_r          | No |
| Moola Saicharan Reddy                  | IN | saicharan1      | No |
| M.Sai Srikanth                         | IN | sai_sri         | No |
| Sairam Chowgoni                        | IN | sai_ram         | No |
| M.Sri Ravali                           | IN | ravalim         | No |
| Ramanyam Hemalatha                     | IN | Ramanyam        | No |
| Preethi Lakkarsu                       | IN | pree_thi        | No |
| G.Pravenya                             | IN | pravenya        | No |
| Sai Pranith                            | IN | pranith1        | No |
| K.Pavani                               | IN | pavani_03       | No |
| Manepalli Padmavathi                   | IN | padma_vathi     | No |
| Vasireddy Neethu Priya                 | IN | neethu5         | No |
| Mohammed Muzaffar                      | IN | mm_19           | No |
| Avinash Goud Marupally                 | IN | marupally       | No |
| Manorama Kumari                        | IN | mano_rama       | No |
| Seema Thirumallesh                     | IN | mall_esh        | No |
| Malka Prathyusha                       | IN | Malka7          | No |
| Lavanya Valluru                        | IN | lavanya1        | No |
| Mir.Imtiyaz Ali                        | IN | imi007          | No |
| Harish.Malka                           | IN | harishm         | No |
| Govind Sai kumar                       | IN | gov_ind         | No |
| Medapati.sravanthi                     | IN | divya_123       | No |
| Puntikura Deepika                      | IN | deep_ika        | No |
| Rajashekar Reddy                       | IN | chintu1         | No |
| Bharatchand Danddamudi                 | IN | bha_rath        | No |
| Divya Ariveni                          | IN | arivenid        | No |
| Anusha Lanka                           | IN | anushalanka     | No |
| Dhanalakshmi majji                     | IN | majji           | No |
| Meesala Vijayalaxmi                    | IN | me_vij          | No |
| Divya Vani Sri Reddy Kotha             | IN | di_vya          | No |
| Sushmitha Rudroju                      | IN | rudroju         | No |
| Gundrathi Dinesh Goud                  | IN | gundr_athi      | No |
| Peethala Karishma Priya                | IN | peetha_la       | No |
| B.Priya Madhuri                        | IN | priyaboya       | No |
| M.Jyothirmai                           | IN | mayi007         | No |
| Saikrishna Ragula                      | IN | ragula          | No |
| Sireesha Punyamanthula                 | IN | punya_man       | No |
| Pasupula Ravi Kumar                    | IN | pk_ravi         | No |
| Sachin.Sonji                           | IN | sachin_ji       | No |
| Tejaswini Oraganti S                   | IN | organti         | No |
| Hari Priyanka                          | IN | pride_dara      | No |
| Sravanthi Ganduri                      | IN | sravanthi1      | No |
| R Naik                                 | IN | naik4           | No |
| Thiruveedhi Mounika Rani               | IN | thiru001        | No |
| Vemula Jyothi                          | IN | jyothi1         | No |
| Guduri Sridevi                         | IN | guduri          | No |
| P.Harish Kumar Goud                    | IN | polagouni       | No |
| M.Venkatesh                            | IN | madagoni        | No |
| Veduruparthi Yoga Aparna               | IN | yoga_1          | No |
| YETUKURI NIHAR                         | IN | yetukuri        | No |
| YERROLLA KIRAN KUMAR                   | IN | yerrolla        | No |
| Yeduru Ravi Kiran                      | IN | yeduru1         | No |
| Yata Kartheek                          | IN | yata_k          | No |
| V.Sharukh                              | IN | vira_02         | No |
| Akulapelli Srinivas                    | IN | vicky_288       | No |
| Venkatesh Himasailaja                  | IN | ven_hima        | No |
| Vankudothu Dharma Raj                  | IN | vanku_dothu     | No |
| Karimikonda Sai Siva Ganga Bhavani     | IN | vani_konda      | No |
| Muthyala Vamshidhar Reddy              | IN | vam_002         | No |
| V.Mary                                 | IN | vajji_parthi    | No |
| P Lakshmi Vaishnavi                    | IN | vaish_navi      | No |
| Vaidha Sravan Kumar                    | IN | vaidha1         | No |
| Utada Neelima Evi                      | IN | utada           | No |
| Upputuri Suharika                      | IN | u_suha          | No |
| Tippani Karthik                        | IN | tippani         | No |
| Thokala Anand Kumar                    | IN | tho_kala        | No |
| P Arvind Thilak                        | IN | thilak_arvind   | No |
| Meda Malavika Terisa                   | IN | terisa_78       | No |
| Tatikonda Vijay Sai Kumar              | IN | tatkumar        | No |
| Arelli Sushma                          | IN | sushi_95        | No |
| Goda Sushanth Yadav                    | IN | sushan_th       | No |
| K.Sai Sujan Reddy                      | IN | sujan_19        | No |
| Srivani Konda                          | IN | srivani1        | No |
| sridhar k                              | IN | sridhar1        | No |
| Sridhar Nyalam                         | IN | sri003          | No |
| K Sri Nkhil                            | IN | sri_ni          | No |
| Rohan Shellay                          | IN | shellay         | No |
| R SHESHANTH REDDY                      | IN | she_shant       | No |
| Mathamsetty Bhanu Prasad               | IN | setty_b         | No |
| Sedaboina Keerthi Priya                | IN | seda_boina      | No |
| Pagadala Sai Satish                    | IN | sati_sh         | No |
| M Sarika                               | IN | sari_97         | No |
| Sangoju kumar                          | IN | sang_oju        | No |
| L Sandhya                              | IN | sandhy_a        | No |
| Yanmandra Venkata Santhosh             | IN | san_thosh       | No |
| Chirakala Bhavani Sankar               | IN | san_kar         | No |
| Ajay Kumar Sangem                      | IN | san_gem         | No |
| Samreen                                | IN | sam_reen        | No |
| N Saikiran                             | IN | sai_kiran       | No |
| Savitha                                | IN | sa_vita         | No |
| Roshni Ladda                           | IN | roshni_l        | No |
| Mohd Riyaz                             | IN | riya_z          | No |
| Reshma Syed                            | IN | reshma6         | No |
| Renuka Veeravalli                      | IN | renuka1         | No |
| Y.Rameshwari                           | IN | rama_eshwari    | No |
| Ramreddy Rajashekar                    | IN | Ram_reddy       | No |
| Gajula Rakesh                          | IN | rakesh9         | No |
| Sabavath Rahul Naik                    | IN | Rahul_123       | No |
| Mohammed Riyaz Raheman                 | IN | rahe_man        | No |
| Rachel Prathiba Atloori                | IN | Rachel_prathiba | No |
| Donta Sai Pruthvi                      | IN | pruth_vi        | No |
| Boyalapalli Priya Madhuri              | IN | priya_boya      | No |
| Vannada Pranavi Goud                   | IN | prana_vi        | No |
| D.PRANAYA LAKSHMI                      | IN | prana_l         | No |
| Mahagowli Prathik                      | IN | pra-tik         | No |
| Gurram Pravalika                       | IN | Pra_valika      | No |
| SAI POSA                               | IN | posa_s          | No |
| Rasaputra pooja                        | IN | pooj_a          | No |
| Ravi Teja Potluri                      | IN | po_tluri        | No |
| Pirangi Shravan Kumar Goud             | IN | pirangi_        | No |
| Raji Reddy                             | IN | pinni_nti       | No |
| Bhargavi Pendyala                      | IN | pen_dyala       | No |
| Padma Peekola                          | IN | peekola_p       | No |
| Peddolla Manogna                       | IN | ped_mano        | No |
| parnati manasa                         | IN | parna_ti        | No |
| Panyala Srinivas Reddy                 | IN | panya_la        | No |
| Pandraveesam vinay                     | IN | pandra_vesam    | No |
| Pamula Murali                          | IN | pam_001         | No |
| Sai Srikanth Palla                     | IN | palla_srik      | No |
| Pavan Tulasi                           | IN | pa_van          | No |
| Pavana Pavan Kalyan                    | IN | p_kalyan        | No |
| Pallavi Indrajit                       | IN | P_Indrajit      | No |
| Onmani Namratha                        | IN | onmani          | No |
| Nikitha Reddy Baddam                   | IN | Niki_26         | No |
| Sai Nikhil Sirsilla                    | IN | nikhil5         | No |
| M.Sri Nidhi                            | IN | nidhi01         | No |
| Teja Nerellapally                      | IN | nerellapally    | No |
| Sai Kumar Neela                        | IN | neela1          | No |
| Vineeth Naredla                        | IN | naredla_v       | No |
| Karanki Poojitha                       | IN | Na              | No |
| V.Anirudh naga surendra                | IN | n_sure          | No |
| Nakirtha Shashank                      | IN | n_sha           | No |
| Navya Donthula                         | IN | n_don           | No |
| Muqthar Mohammed                       | IN | muqtar          | No |
| Mullapudi Naga Sai Srikar              | IN | mulla_pudi      | No |
| Medhaja Gattu                          | IN | medha_g         | No |
| Mohammed Jafar Shareef                 | IN | md_shareef      | No |
| Vemulamada Sai Naga Venkata Manikanta  | IN | mani_v          | No |
| Manishanker Katakam                    | IN | mani_sh         | No |
| Sai Ram Manikanta                      | IN | mani_7          | No |
| G.mahesh Kumar                         | IN | mahi_123        | No |
| Madisetty Nikhil Kumar                 | IN | madi_setty      | No |
| Madhanada Nandhini                     | IN | madha_nada      | No |
| Vaishnavi Dommata                      | IN | ma_navi         | No |
| B.Madhu Sudhan Rao                     | IN | ma_dhu          | No |
| Mounika Marriwada                      | IN | m_wada          | No |
| Medi Vamshi                            | IN | m_edi           | No |
| L.Spandana                             | IN | lanke_1         | No |
| RAJKUMAR LAMSANI                       | IN | lama_sani       | No |
| Arun Lakkarssu                         | IN | lakkarssu       | No |
| K Sasidhar Reddy                       | IN | kumkala_dhar    | No |
| Vimal Kumar                            | IN | kumar3          | No |
| Kuchi Meghana                          | IN | kuchi_m         | No |
| Sadar Balwinder Kour                   | IN | kour_15         | No |
| Sriram Koushik Kumar                   | IN | kou_shik        | No |
| Saicharan Konkala                      | IN | konkala1        | No |
| Koniki Varsha                          | IN | koni_ka         | No |
| Yamini Konduru                         | IN | kondu_ru        | No |
| Meghana Komakula                       | IN | koma_la         | No |
| Kolla Sai Krishna                      | IN | Kolla6          | No |
| Kesana Kiran Krishna                   | IN | kiran@13        | No |
| Geethika S                             | IN | kimsohyun       | No |
| Sulochana Kawle                        | IN | kawle           | No |
| Bongu Kavya                            | IN | kavy_a          | No |
| katralapalli venkata krishna chaitanya | IN | katrala_palli   | No |
| Kasarla Vinod                          | IN | kasarla_1       | No |
| K V Lakshmi Karthik                    | IN | kart_ik         | No |
| Karengala Aditya                       | IN | karenga_la      | No |
| Arun Kante                             | IN | kante_1         | No |
| Kandi Arjun                            | IN | kandi001        | No |
| Naddipalli Kanchana                    | IN | kancha_na       | No |
| Narasimha                              | IN | kammari_n       | No |
| kadambi naga akhila vaishnavi          | IN | kadambi007      | No |
| Kundella Sai Krishna                   | IN | k_krish         | No |
| Tellakula Jyothsna                     | IN | jyo_001         | No |
| Swathi J                               | IN | juvvanapudi_1   | No |
| Sujeevan prakash                       | IN | jeevan_p        | No |
| Jeeta Satpathy                         | IN | jeeta1          | No |
| Muthyala Jayanthi                      | IN | jaya_26         | No |
| M.Ajay kumar                           | IN | jay_k           | No |
| Jatavath Mounika                       | IN | jatava_t        | No |
| Janardhan Harish Kumar                 | IN | jan_hari        | No |
| Rajput Jagdish Singh                   | IN | jagdish30       | No |
| Swapneel R Jadhav                      | IN | jadav           | No |
| Jayadeep Bevara                        | IN | ja_yadeep       | No |
| Janagam Srikanth                       | IN | J_srikanth      | No |
| Bhargavi Inkollu                       | IN | inkol           | No |
| Karri Indraja                          | IN | indra_ja        | No |
| I. Ravi Raj                            | IN | illu_ri         | No |
| S Hannah                               | IN | hannah_s        | No |
| Hanawathe Prabodh                      | IN | hanawa_the      | No |
| G Sravan                               | IN | gujjari_1       | No |
| Kranthi Kumar                          | IN | good_elli       | No |
| Manasa Chandragiri                     | IN | giri_manasa     | No |
| Goli Goutham Kumar                     | IN | gg_kumar        | No |
| Chennuri Geethika                      | IN | geethu_01       | No |
| Gandham Kavya Sri                      | IN | gan_dham        | No |
| GAJARI SAINATH                         | IN | gajari_1        | No |
| Keshamoni Sampath Goud                 | IN | g_sam           | No |
| D V Manisha                            | IN | dvm001          | No |
| D.R.Priyanka                           | IN | dr_priya        | No |
| Divyavani Srireddy                     | IN | divya_reddy     | No |
| M Divyakanth                           | IN | div_kanth       | No |
| Tv Deva Bhargava Rao                   | IN | deva_b          | No |
| Saikumar Daram                         | IN | daram2          | No |
| Dadhireddy Rakesh Kumar Reddy          | IN | dabhi_reddy     | No |
| Dumpa Vineeth                          | IN | D_umpa          | No |
| Chembeti Jagadish Babu                 | IN | chemb_eti       | No |
| Srinidhi Sugith Chary Mdala            | IN | chary3          | No |
| Cheekati Raasi                         | IN | ch_raas         | No |
| Chennam Setty Amarnath                 | IN | ch_amar         | No |
| Budiga Mahender                        | IN | budi_ga         | No |
| Anusha Bonthala                        | IN | bontha_anu      | No |
| Rakesh Bommisetti                      | IN | bommi_setti     | No |
| Botta Pavani                           | IN | bo_tta          | No |
| Gubbala Bindu                          | IN | bind_u          | No |
| Sumeeth Bhowimick                      | IN | bhowimick       | No |
| Gaddam.Nohitha Bhavani                 | IN | bhavani1        | No |
| Beulah D                               | IN | beulahd         | No |
| Bandari Vikas                          | IN | band_ari        | No |
| Baist Arun Singh Thakur                | IN | baist_thakur    | No |
| Banoth Lokesh                          | IN | ba_noth         | No |
| Mounika Bhasme                         | IN | b_monika        | No |
| Avirneni Pooja Chowdary                | IN | aviri_neni      | No |
| Arusula sakshi yadav                   | IN | arusu_01        | No |
| Archana Bomma                          | IN | ar_chana        | No |
| Apurva Arun Bakshi                     | IN | apurva2         | No |
| Anumula Pavan Kumar                    | IN | anu_mula        | No |
| Bala Anoosha                           | IN | anu_bala        | No |
| Behara Anand                           | IN | anand_44        | No |
| Ankit amdurrb                          | IN | amdurrb         | No |
| Alupula Naresh Kumar                   | IN | alu_pula        | No |
| Alekhya Ranga                          | IN | alekhya5        | No |
| Darji Akhil Kumar                      | IN | akhil2          | No |
| Md Akram Ullah Khan                    | IN | ak_ram          | No |
| THUMU AISHWARYA PATEL                  | IN | ai_shwarya      | No |
| Aishwarya Balaraman                    | IN | ai_shw          | No |
| Afreen Unnisa                          | IN | af_reen         | No |
| Nandhini Adulapuram                    | IN | adula_puram     | No |
| M.Aditya Venkatesh                     | IN | adi3            | No |
| Syed Abdul Siddiqhi                    | IN | abdul_01        | No |
| Prasanna Kumar                         | IN | aaru_tla        | No |
| Arun Babu                              | IN | a_run           | No |
| Arif Khan                              | IN | a_rif           | No |
| Pole Akhil Kumar                       | IN | a_kill          | No |
| Anusha Alokam                          | IN | a_anu           | No |
| Tejan Yadav                            | IN | tejan7          | No |
